{"cameraMode":{"drawMode":0,"name":"Shaded","section":"Shading Mode"},"sceneLighting":true,"audioPlay":false,"sceneViewState":{"showFog":false,"showMaterialUpdate":false,"showSkybox":false,"showFlares":false,"showImageEffects":false,"showParticleSystems":false},"in2DMode":false,"pivot":{"x":2.9005126953125,"y":2.341796875,"z":0.81640625},"rotation":{"x":0.354508638381958,"y":0.007560035679489374,"z":-0.0028871367685496809,"w":0.9350318312644959},"size":16.963836669921876,"orthographic":true}