{"cameraMode":{"drawMode":0,"name":"Shaded","section":"Shading Mode"},"sceneLighting":true,"audioPlay":false,"sceneViewState":{"showFog":false,"showMaterialUpdate":false,"showSkybox":false,"showFlares":false,"showImageEffects":false,"showParticleSystems":false},"in2DMode":false,"pivot":{"x":7.809999942779541,"y":-0.3999999761581421,"z":8.970000267028809},"rotation":{"x":0.21627506613731385,"y":0.2831249237060547,"z":-0.06569468975067139,"w":0.9320812821388245},"size":5.473380088806152,"orthographic":false}