{"cameraMode":{"drawMode":0,"name":"Shaded","section":"Shading Mode"},"sceneLighting":true,"audioPlay":false,"sceneViewState":{"showFog":false,"showMaterialUpdate":false,"showSkybox":false,"showFlares":false,"showImageEffects":false,"showParticleSystems":false},"in2DMode":false,"pivot":{"x":20.319326400756837,"y":3.027435302734375,"z":-44.1663818359375},"rotation":{"x":0.5149063467979431,"y":-6.420533882334212e-9,"z":-4.492643590481293e-9,"w":0.8572471141815186},"size":112.78874969482422,"orthographic":false}