{"cameraMode":{"drawMode":0,"name":"Shaded","section":"Shading Mode"},"sceneLighting":true,"audioPlay":false,"sceneViewState":{"showFog":false,"showMaterialUpdate":false,"showSkybox":false,"showFlares":false,"showImageEffects":false,"showParticleSystems":false},"in2DMode":false,"pivot":{"x":0.46414339542388918,"y":-0.13982677459716798,"z":-1.0742826461791993},"rotation":{"x":0.34804853796958926,"y":0.007874159142374993,"z":-0.002921805949881673,"w":0.937443196773529},"size":4.7036919593811039,"orthographic":false}