{"cameraMode":{"drawMode":0,"name":"Shaded","section":"Shading Mode"},"sceneLighting":true,"audioPlay":false,"sceneViewState":{"showFog":false,"showMaterialUpdate":false,"showSkybox":false,"showFlares":false,"showImageEffects":false,"showParticleSystems":false},"in2DMode":false,"pivot":{"x":3.081031084060669,"y":-0.9168634414672852,"z":2.5310840606689455},"rotation":{"x":0.3033374845981598,"y":0.0679619312286377,"z":-0.021695541217923166,"w":0.9502338767051697},"size":24.95941162109375,"orthographic":false}