{"cameraMode":{"drawMode":0,"name":"Shaded","section":"Shading Mode"},"sceneLighting":true,"audioPlay":false,"sceneViewState":{"showFog":false,"showMaterialUpdate":false,"showSkybox":false,"showFlares":false,"showImageEffects":false,"showParticleSystems":false},"in2DMode":false,"pivot":{"x":1.3579826354980469,"y":1.9658203125,"z":3.0703125},"rotation":{"x":0.24439531564712525,"y":-0.0008824016549624503,"z":0.00021151630789972842,"w":0.9696776270866394},"size":14.970498085021973,"orthographic":true}