{"cameraMode":{"drawMode":0,"name":"Shaded","section":"Shading Mode"},"sceneLighting":true,"audioPlay":false,"sceneViewState":{"showFog":false,"showMaterialUpdate":false,"showSkybox":false,"showFlares":false,"showImageEffects":false,"showParticleSystems":false},"in2DMode":false,"pivot":{"x":7.960119247436523,"y":-3.6645941734313967,"z":12.882255554199219},"rotation":{"x":0.3083903193473816,"y":-0.004851596895605326,"z":0.0015767234144732357,"w":0.9512632489204407},"size":8.270857810974121,"orthographic":false}