{"cameraMode":{"drawMode":0,"name":"Shaded","section":"Shading Mode"},"sceneLighting":true,"audioPlay":false,"sceneViewState":{"showFog":false,"showMaterialUpdate":false,"showSkybox":false,"showFlares":false,"showImageEffects":false,"showParticleSystems":false},"in2DMode":false,"pivot":{"x":23.271488189697267,"y":12.09765625,"z":-5.970703125},"rotation":{"x":0.42358508706092837,"y":0.0005284649087116122,"z":-0.0002708239480853081,"w":0.9058660268783569},"size":25.7981014251709,"orthographic":true}