{"cameraMode":{"drawMode":0,"name":"Shaded","section":"Shading Mode"},"sceneLighting":false,"audioPlay":false,"sceneViewState":{"showFog":false,"showMaterialUpdate":false,"showSkybox":false,"showFlares":false,"showImageEffects":false,"showParticleSystems":false},"in2DMode":false,"pivot":{"x":0.23962999880313874,"y":-0.8345299959182739,"z":0.8187299966812134},"rotation":{"x":0.30709028244018557,"y":0.12599259614944459,"z":-0.04104707017540932,"w":0.9424279928207398},"size":0.019116654992103578,"orthographic":false}