{"cameraMode":{"drawMode":0,"name":"Shaded","section":"Shading Mode"},"sceneLighting":true,"audioPlay":false,"sceneViewState":{"showFog":false,"showMaterialUpdate":false,"showSkybox":false,"showFlares":false,"showImageEffects":false,"showParticleSystems":false},"in2DMode":false,"pivot":{"x":-0.2388916015625,"y":2.8173828125,"z":1.42578125},"rotation":{"x":-0.3474891185760498,"y":0.0028199474327266218,"z":-0.0010177412768825889,"w":-0.937670111656189},"size":12.69355583190918,"orthographic":true}