{"cameraMode":{"drawMode":0,"name":"Shaded","section":"Shading Mode"},"sceneLighting":true,"audioPlay":false,"sceneViewState":{"showFog":false,"showMaterialUpdate":false,"showSkybox":false,"showFlares":false,"showImageEffects":false,"showParticleSystems":false},"in2DMode":false,"pivot":{"x":-5.92254638671875,"y":1.86328125,"z":-8.966796875},"rotation":{"x":0.30915650725364687,"y":-0.022263646125793458,"z":0.007215544115751982,"w":0.9507188200950623},"size":10.679666519165039,"orthographic":true}