{"cameraMode":{"drawMode":0,"name":"Shaded","section":"Shading Mode"},"sceneLighting":true,"audioPlay":false,"sceneViewState":{"showFog":false,"showMaterialUpdate":false,"showSkybox":false,"showFlares":false,"showImageEffects":false,"showParticleSystems":false},"in2DMode":false,"pivot":{"x":-6.173487186431885,"y":0.05091381072998047,"z":-6.410038948059082},"rotation":{"x":0.6589437127113342,"y":-0.027511093765497209,"z":0.02412874437868595,"w":0.7513027787208557},"size":4.279339790344238,"orthographic":false}