{"cameraMode":{"drawMode":0,"name":"Shaded","section":"Shading Mode"},"sceneLighting":true,"audioPlay":false,"sceneViewState":{"showFog":false,"showMaterialUpdate":false,"showSkybox":false,"showFlares":false,"showImageEffects":false,"showParticleSystems":false},"in2DMode":false,"pivot":{"x":3.6046204566955568,"y":0.7079405784606934,"z":3.3184800148010256},"rotation":{"x":-0.378854900598526,"y":-0.50066077709198,"z":0.25839126110076907,"w":-0.734192967414856},"size":5.215152740478516,"orthographic":true}