{"cameraMode":{"drawMode":0,"name":"Shaded","section":"Shading Mode"},"sceneLighting":true,"audioPlay":false,"sceneViewState":{"showFog":false,"showMaterialUpdate":false,"showSkybox":false,"showFlares":false,"showImageEffects":false,"showParticleSystems":false},"in2DMode":false,"pivot":{"x":0.7200069427490234,"y":0.027939558029174806,"z":2.460017204284668},"rotation":{"x":0.33602702617645266,"y":0.03162762522697449,"z":-0.011302636004984379,"w":0.9412585496902466},"size":11.74398422241211,"orthographic":true}