{"cameraMode":{"drawMode":0,"name":"Shaded","section":"Shading Mode"},"sceneLighting":true,"audioPlay":false,"sceneViewState":{"showFog":false,"showMaterialUpdate":false,"showSkybox":false,"showFlares":false,"showImageEffects":false,"showParticleSystems":false},"in2DMode":false,"pivot":{"x":-0.6000000238418579,"y":0.6800000071525574,"z":-6.556510925292969e-7},"rotation":{"x":-0.3726072907447815,"y":0.01810118742287159,"z":-0.007245865184813738,"w":-0.9277713894844055},"size":13.9979248046875,"orthographic":true}