{"cameraMode":{"drawMode":0,"name":"Shaded","section":"Shading Mode"},"sceneLighting":true,"audioPlay":false,"sceneViewState":{"showFog":true,"showMaterialUpdate":false,"showSkybox":true,"showFlares":true,"showImageEffects":true,"showParticleSystems":true},"in2DMode":false,"pivot":{"x":-34.84351348876953,"y":1.320629596710205,"z":-33.99497985839844},"rotation":{"x":-0.44063127040863039,"y":0.005920387338846922,"z":-0.0029101751279085876,"w":-0.8976720571517944},"size":63.154483795166019,"orthographic":false}