{"cameraMode":{"drawMode":0,"name":"Shaded","section":"Shading Mode"},"sceneLighting":false,"audioPlay":false,"sceneViewState":{"showFog":true,"showMaterialUpdate":false,"showSkybox":true,"showFlares":true,"showImageEffects":true,"showParticleSystems":true},"in2DMode":false,"pivot":{"x":-32.2296142578125,"y":-0.5735031366348267,"z":-75.27302551269531},"rotation":{"x":-0.28229615092277529,"y":-0.3757546544075012,"z":0.12131647020578385,"w":-0.8743122816085815},"size":35.77406311035156,"orthographic":false}