{"cameraMode":{"drawMode":0,"name":"Shaded","section":"Shading Mode"},"sceneLighting":false,"audioPlay":false,"sceneViewState":{"showFog":true,"showMaterialUpdate":false,"showSkybox":true,"showFlares":true,"showImageEffects":true,"showParticleSystems":true},"in2DMode":false,"pivot":{"x":-6.908321380615234,"y":-0.4480648338794708,"z":7.139442443847656},"rotation":{"x":-0.39559558033943179,"y":0.01983235403895378,"z":-0.008546911180019379,"w":-0.9181929230690002},"size":19.18764305114746,"orthographic":false}