{"cameraMode":{"drawMode":0,"name":"Shaded","section":"Shading Mode"},"sceneLighting":false,"audioPlay":false,"sceneViewState":{"showFog":true,"showMaterialUpdate":false,"showSkybox":true,"showFlares":true,"showImageEffects":true,"showParticleSystems":true},"in2DMode":false,"pivot":{"x":1.9364814758300782,"y":1.208519458770752,"z":-37.334999084472659},"rotation":{"x":-0.5373566746711731,"y":0.005561577621847391,"z":-0.0035480919759720566,"w":-0.8433379530906677},"size":63.17867660522461,"orthographic":false}