{"cameraMode":{"drawMode":0,"name":"Shaded","section":"Shading Mode"},"sceneLighting":false,"audioPlay":false,"sceneViewState":{"showFog":true,"showMaterialUpdate":false,"showSkybox":true,"showFlares":true,"showImageEffects":true,"showParticleSystems":true},"in2DMode":false,"pivot":{"x":761.2335815429688,"y":362.25,"z":2.14500093460083},"rotation":{"x":-0.07224780321121216,"y":-0.0023958885576575996,"z":0.00017541811394039541,"w":-0.9973933696746826},"size":2817.499755859375,"orthographic":false}