{"cameraMode":{"drawMode":0,"name":"Shaded","section":"Shading Mode"},"sceneLighting":false,"audioPlay":false,"sceneViewState":{"showFog":true,"showMaterialUpdate":false,"showSkybox":true,"showFlares":true,"showImageEffects":true,"showParticleSystems":true},"in2DMode":false,"pivot":{"x":0.00508350133895874,"y":-0.011182665824890137,"z":-0.007281184196472168},"rotation":{"x":-0.3328520357608795,"y":0.0019454951398074628,"z":-0.0007888871477916837,"w":-0.9430282711982727},"size":4.912380218505859,"orthographic":false}