{"cameraMode":{"drawMode":0,"name":"Shaded","section":"Shading Mode"},"sceneLighting":true,"audioPlay":false,"sceneViewState":{"showFog":true,"showMaterialUpdate":false,"showSkybox":true,"showFlares":true,"showImageEffects":true,"showParticleSystems":true},"in2DMode":false,"pivot":{"x":0.5364698767662048,"y":0.8504447937011719,"z":-1.2057371139526368},"rotation":{"x":-0.3524341285228729,"y":-0.027550943195819856,"z":0.01033015176653862,"w":-0.9354360699653626},"size":14.876513481140137,"orthographic":false}