{"cameraMode":{"drawMode":0,"name":"Shaded","section":"Shading Mode"},"sceneLighting":false,"audioPlay":false,"sceneViewState":{"showFog":true,"showMaterialUpdate":false,"showSkybox":true,"showFlares":true,"showImageEffects":true,"showParticleSystems":true},"in2DMode":false,"pivot":{"x":0.07999998331069946,"y":0.5555810928344727,"z":-4.159999847412109},"rotation":{"x":-0.322909951210022,"y":-0.012249927967786789,"z":0.004128602799028158,"w":-0.9464020133018494},"size":2.8578836917877199,"orthographic":false}