{"cameraMode":{"drawMode":0,"name":"Shaded","section":"Shading Mode"},"sceneLighting":true,"audioPlay":false,"sceneViewState":{"showFog":true,"showMaterialUpdate":false,"showSkybox":true,"showFlares":true,"showImageEffects":true,"showParticleSystems":true},"in2DMode":false,"pivot":{"x":0.9820513129234314,"y":-0.7768152952194214,"z":-2.321946382522583},"rotation":{"x":-0.10736819356679917,"y":-0.6823732256889343,"z":0.10225523263216019,"w":-0.7158859372138977},"size":3.790929079055786,"orthographic":false}