{"cameraMode":{"drawMode":0,"name":"Shaded","section":"Shading Mode"},"sceneLighting":true,"audioPlay":false,"sceneViewState":{"showFog":true,"showMaterialUpdate":false,"showSkybox":true,"showFlares":true,"showImageEffects":true,"showParticleSystems":true},"in2DMode":false,"pivot":{"x":1.6519538164138795,"y":-4.931690216064453,"z":5.1161298751831059},"rotation":{"x":0.5902194976806641,"y":-0.059197138994932178,"z":0.0434596911072731,"w":0.8038991093635559},"size":23.67002296447754,"orthographic":false}