{"cameraMode":{"drawMode":0,"name":"Shaded","section":"Shading Mode"},"sceneLighting":false,"audioPlay":false,"sceneViewState":{"showFog":true,"showMaterialUpdate":false,"showSkybox":true,"showFlares":true,"showImageEffects":true,"showParticleSystems":true},"in2DMode":false,"pivot":{"x":-0.7722311019897461,"y":-1.1636390686035157,"z":-40.51164245605469},"rotation":{"x":0.4366634488105774,"y":-0.37489771842956545,"z":0.20691071450710298,"w":0.7911843657493591},"size":16.80235481262207,"orthographic":false}