{"cameraMode":{"drawMode":0,"name":"Shaded","section":"Shading Mode"},"sceneLighting":true,"audioPlay":false,"sceneViewState":{"showFog":true,"showMaterialUpdate":false,"showSkybox":true,"showFlares":true,"showImageEffects":true,"showParticleSystems":true},"in2DMode":false,"pivot":{"x":-4.350091934204102,"y":-8.222994804382325,"z":-4.6095476150512699},"rotation":{"x":0.19337593019008637,"y":-0.8053110241889954,"z":0.36981987953186037,"w":0.42109373211860659},"size":17.051040649414064,"orthographic":false}