{"cameraMode":{"drawMode":0,"name":"Shaded","section":"Shading Mode"},"sceneLighting":false,"audioPlay":false,"sceneViewState":{"showFog":true,"showMaterialUpdate":false,"showSkybox":true,"showFlares":true,"showImageEffects":true,"showParticleSystems":true},"in2DMode":false,"pivot":{"x":0.12107157707214356,"y":-3.9974365234375,"z":-0.5596675872802734},"rotation":{"x":0.5494670867919922,"y":-0.06626590341329575,"z":0.04377846047282219,"w":0.8317363262176514},"size":40.405120849609378,"orthographic":false}