{"cameraMode":{"drawMode":0,"name":"Shaded","section":"Shading Mode"},"sceneLighting":false,"audioPlay":false,"sceneViewState":{"showFog":true,"showMaterialUpdate":false,"showSkybox":true,"showFlares":true,"showImageEffects":true,"showParticleSystems":true},"in2DMode":false,"pivot":{"x":3.663723945617676,"y":0.28390398621559145,"z":-0.7840704917907715},"rotation":{"x":-0.009740420617163182,"y":-0.9770211577415466,"z":0.04576713964343071,"w":-0.20794740319252015},"size":3.7416584491729738,"orthographic":false}