{"cameraMode":{"drawMode":0,"name":"Shaded","section":"Shading Mode"},"sceneLighting":false,"audioPlay":false,"sceneViewState":{"showFog":true,"showMaterialUpdate":false,"showSkybox":true,"showFlares":true,"showImageEffects":true,"showParticleSystems":true},"in2DMode":false,"pivot":{"x":-31.678062438964845,"y":-0.8942909240722656,"z":-74.90550994873047},"rotation":{"x":0.5124310255050659,"y":-0.46714138984680178,"z":0.3989388346672058,"w":0.60004061460495},"size":34.10197448730469,"orthographic":false}