{"cameraMode":{"drawMode":0,"name":"Shaded","section":"Shading Mode"},"sceneLighting":false,"audioPlay":false,"sceneViewState":{"showFog":true,"showMaterialUpdate":false,"showSkybox":true,"showFlares":true,"showImageEffects":true,"showParticleSystems":true},"in2DMode":false,"pivot":{"x":-39.21533966064453,"y":-5.788032531738281,"z":-35.14102554321289},"rotation":{"x":0.5124310255050659,"y":-0.46714138984680178,"z":0.3989388346672058,"w":0.60004061460495},"size":38.0919189453125,"orthographic":false}